Detector module ID,Assembly date,Assembler,FE board number,A0 SM ID,A1 SM ID,Resistance when assembling (Ohms),Kapton foam layers,Assembly location,Cu housing provider,Cu housing ID,Cu housing tool,Thermomaterial applied,DeltaT average at 0.25 A [ºC],RMS DeltaT over 4 sensors,Average LY,Average max(|LO asymmetry|),RU,Resistance at 23ºC,CP Width Bottom before assembly [mm],Width Bottom [mm],Width Bottom Edge [mm],Delta Bottom,CP Width High before assambly [mm],Width High [mm],Width High Edge [mm],Delta Top,A visible gap between copper tabs and SiPM packages (Y/N),All copper tabs 90 degrees (Y/N),Tab is NOT touching glue,"> 0.4 variation in TEC response to bias (Y, value/N)",Comments,Mounted on tray?
32110040004201,17/10/2024,Soham,1862,32110020008404,32110020008413,51.16,1,,,,,,,,,,,,,,,,,,,,,,,,,
32110040004202,17/10/2024,Thomas,1489,32110020008407,32110020008408,51.43,1,,,,,,,,,,,,,,,,,,,,,,,,,
32110040004203,17/10/2024,Alex,0437,32110020008406,32110020008409,51.88,1,,,,,,,,,,,,,,,,,,,,,,,,,
32110040004204,17/10/2024,Ray,1780,32110020008403,32110020008410,53.24,1,,,,,,,,,,,,,,,,,,,,,,,,,
32110040004205,17/10/2024,Jason,0468,32110020008414,32110020008416,51.99,1,,,,,,,,,,,,,,,,,,,,,,,,,
32110040004206,30/10/2024,Alex,1802,32110020008454,32110020008480,51.01,1,,,,,,,,,,,,,,,,,,,,,,,,,
32110040004207,30/10/2024,Jason,0811,32110020008460,32110020008541,51.44,1,,,,,,,,,,,,,,,,,,,,,,,,,
32110040004208,30/10/2024,Ray,1462,32110020008443,32110020008476,51.39,1,,,,,,,,,,,,,,,,,,,,,,,,,
32110040004209,30/10/2024,Soham,1625,32110020008475,32110020008534,51.08,1,,,,,,,,,,,,,,,,,,,,,,,,,
32110040004210,01/11/2024,Jason,0632,32110020008542,32110020008549,51.75,1,,,,,,,,,,,,,,,,,,,,,,,,,
32110040004211,01/11/2024,Ray,0652,32110020008548,32110020008553,52.56,1,,,,,,,,,,,,,,,,,,,,,,,,,
32110040004212,01/11/2024,Ludo,1636,32110020008464,32110020008554,51.6,1,,,,,,,,,,,,,,,,,,,,,,,,,
32110040004213,01/11/2024,Soham,1468,32110020008499,32110020008564,51.45,1,,,,,,,,,,,,,,,,,,,,,,,,,
32110040004214,05/11/2024,Ray,1594,32110020008450,32110020008461,51.17,1,,,,,,,,,,,,,,,,,,,,,,,,,
32110040004215,05/11/2024,Thomas,1597,32110020008453,32110020008457,51.59,1,,"used LYSO barcode number, not SM barcode number, supposed to match. can still match SM 423 and SM 452",,,,,,,,,,,,,,,,,,,,,,,
32110040004216,05/11/2024,Jason,1407,32110020008429,32110020008463,52.68,1,,,,,,,,,,,,,,,,,,,,,,,,,
32110040004217,05/11/2024,Ludovico,1407,32110020008455,32110020008474,51.61,1,,,,,,,,,,,,,,,,,,,,,,,,,
32110040004218,05/11/2024,Soham,1647,32110020008482,32110020008526,54.15,1,,,,,,,,,,,,,,,,,,,,,,,,,
32110040004219,07/11/2024,Jason,1517,32110020008423,32110020008452,52.08,1,,,,,,,,,,,,,,,,,,,,,,,,,
32110040004220,07/11/2024,Soham,1567,32110020008438,32110020008442,52.7,1,,,,,,,,,,,,,,,,,,,,,,,,,
32110040004221,07/11/2024,Ludovico,1789,32110020008555,32110020008568,52.1,1,,,,,,,,,,,,,,,,,,,,,,,,,
32110040004222,08/11/2024,Paul,1571,32110020008437,32110020008540,51.06,1,,,,,,,,,,,,,,,,,,,,,,,,,
32110040004223,14/11/2024,Thomas,1597,32110020008578,32110020008614,51.55,1,,,,,,,,,,,,,,,,,,,,,,,,,
32110040004224,14/11/2024,Ludovico,1474,32110020008583,32110020008612,52.94,1,,,,,,,,,,,,,,,,,,,,,,,,,
32110040004225,14/11/2024,Jason,1570,32110020008601,32110020008602,51.77,1,,,,,,,,,,,,,,,,,,,,,,,,,
32110040004226,14/11/2024,Soham,0640,32110020008510,32110020008596,51.53,1,,,,,,,,,,,,,,,,,,,,,,,,,
32110040004227,21/11/2024,Ray,1460,32110020008661,32110020008675,50.14,1,,,,,,,,,,,,,,,,,,,,,,,,,
32110040004228,21/11/2024,Jason,1500,32110020008587,32110020008648,52.32,1,,,,,,,,,,,,,,,,,,,,,,,,,
32110040004229,21/11/2024,Thomas,0530,32110020008643,32110020008656,50.78,1,,,,,,,,,,,,,,,,,,,,,,,,,
32110040004230,21/11/2024,Jason,1482,32110020008615,32110020008672,51.7,1,,,,,,,,,,,,,,,,,,,,,,,,,
32110040004231,21/11/2024,Soham,1496,32110020008457,32110020008671,50.83,1,,,,,,,,,,,,,,,,,,,,,,,,,
32110040004232,21/11/2024,Thomas,1629,32110020008445,32110020008664,51.07,1,,,,,,,,,,,,,,,,,,,,,,,,,
32110040004233,21/11/2024,Jason,1788,32110020008467,32110020008551,51.86,1,,,,,,,,,,,,,,,,,,,,,,,,,
32110040004234,21/11/2024,Paul,0609,32110020008449,32110020008630,51.42,1,,,,,,,,,,,,,,,,,,,,,,,,,
32110040004235,22/11/2024,Jason,0674,32110020008469,32110020008567,51.72,1,,,,,,,,,,,,,,,,,,,,,,,,,
32110040004236,22/11/2024,Paul,1490,32110020008468,32110020008653,51.43,1,,,,,,,,,,,,,,,,,,,,,,,,,
32110040004237,22/11/2024,Thomas,1470,32110020008581,32110020008618,51.9,1,,,,,,,,,,,,,,,,,,,,,,,,,
32110040004238,22/11/2024,Jason,1437,32110020008430,32110020008676,51.27,1,,,,,,,,,,,,,,,,,,,,,,,,,
32110040004239,22/11/2024,Paul,1569,32110020008609,32110020008624,51.62,1,,,,,,,,,,,,,,,,,,,,,,,,,
32110040004240,22/11/2024,Thomas,1841,32110020008402,32110020008652,50.9,1,,,,,,,,,,,,,,,,,,,,,,,,,
32110040004241,22/11/2024,Ludovico,1588,32110020008606,32110020008659,51.58,1,,,,,,,,,,,,,,,,,,,,,,,,,
32110040004242,22/11/2024,Paul,0491,32110020008577,32110020008660,51.66,1,,,,,,,,,,,,,,,,,,,,,,,,,
32110040004243,22/11/2024,Jason,1615,32110020008582,32110020008598,52.71,1,,,,,,,,,,,,,,,,,,,,,,,,,
32110040004244,22/11/2024,Ludovico,1609,32110020008543,32110020008636,51.8,1,,,,,,,,,,,,,,,,,,,,,,,,,
32110040004245,05/12/2024,Paul,1867,32110020008595,32110020008598,52.35,1,,,,,,,,,,,,,,,,,,,,,,,,,
32110040004246,05/12/2024,Paul,0310,32110020008495,32110020008569,58.78,1,,,,,,,,,,,,,,,,,,,,,,,,,
32110040004247,05/12/2024,Jason,1615,32110020008639,32110020008687,51.25,1,,,,,,,,,,,,,,,,,,,,,,,,,
32110040004248,11/12/2024,Jason,1603,32110020008479,32110020008565,51.73,1,,,,,,,,,,,,,,,,,,,,,,,,,
32110040004249,12/12/2024,Jason,0498,32110020008637,32110020008663,51.23,1,,,,,,,,,,,,,,,,,,,,,,,,,
32110040004250,12/12/2024,Jason,1574,32110020008513,32110020008686,53.03,1,,,,,,,,,,,,,,,,,,,,,,,,,
32110040004251,13/12/2024,Jason,1866,32110020008459,32110020008638,51.04,1,,,,,,,,,,,,,,,,,,,,,,,,,
32110040004252,13/12/2024,Jason,1854,32110020008627,32110020008685,52.37,1,,,,,,,,,,,,,,,,,,,,,,,,,
32110040004253,13/12/2024,Jason,1884,32110020008572,32110020008635,52.4,1,,,,,,,,,,,,,,,,,,,,,,,,,
32110040004254,16/12/2024,Thomas,1861,32110020008545,32110020008616,52.31,1,,,,,,,,,,,,,,,,,,,,,,,,,
32110040004255,17/12/2024,Jason,1573,32110020008619,32110020008657,51.51,1,,,,,,,,,,,,,,,,,,,,,,,,,
32110040004256,17/12/2024,Jason,1577,32110020008424,32110020008631,52.32,1,,,,,,,,,,,,,,,,,,,,,,,,,
32110040004257,07/01/2025,Jason,1457,32110020008628,32110020008681,51.3,1,,,,,,,,,,,,,,,,,,,,,,,,,
32110040004258,15/01/2025,Jason,1869,32110020008458,32110020008591,51.66,1,,,,,,,,,,,,,,,,,,,,,,,,,
32110040004259,15/01/2025,Thomas,1484,32110020008677,32110020008691,50.6,1,,,,,,,,,,,,,,,,,,,,,,,,,
32110040004260,15/01/2025,Jason,1499,32110020008634,32110020008654,50.98,1,,,,,,,,,,,,,,,,,,,,,,,,,
32110040004261,15/01/2025,Alex,1485,32110020008560,32110020008646,51.91,1,,,,,,,,,,,,,,,,,,,,,,,,,
32110040004262,15/01/2025,Jason,1592,32110020008477,32110020008588,51.62,1,,,,,,,,,,,,,,,,,,,,,,,,,
32110040004263,15/01/2025,Alex,1432,32110020008411,32110020008529,51.82,1,,,,,,,,,,,,,,,,,,,,,,,,,
32110040004264,15/01/2025,Thomas,1860,32110020008465,32110020008670,51.56,1,,,,,,,,,,,,,,,,,,,,,,,,,
32110040004265,15/01/2025,Jason,1767,32110020008462,32110020008592,51.6,1,,,,,,,,,,,,,,,,,,,,,,,,,
32110040004266,16/01/2025,Jason,1650,32110020008622,32110020008678,51.32,1,,,,,,,,,,,,,,,,,,,,,,,,,
32110040004267,16/01/2025,Alex,1668,32110020008471,32110020008608,50.6,1,,,,,,,,,,,,,,,,,,,,,,,,,
32110040004268,16/01/2025,Alex,1630,32110020008576,32110020008699,50.69,1,,,,,,,,,,,,,,,,,,,,,,,,,
32110040004269,16/01/2025,Jason,0642,32110020008644,32110020008692,52.05,1,,,,,,,,,,,,,,,,,,,,,,,,,
32110040004270,16/01/2025,Thomas,1604,32110020008520,32110020008607,53.03,1,,,,,,,,,,,,,,,,,,,,,,,,,
32110040004271,16/01/2025,Thomas,1584,32110020008483,32110020008557,51.7,1,,,,,,,,,,,,,,,,,,,,,,,,,
32110040004272,17/01/2025,Alex,0658,32110020008447,32110020008665,50.86,1,,,,,,,,,,,,,,,,,,,,,,,,,
32110040004273,22/01/2025,Ray,0646,32110020008640,32110020008689,51.01,1,,,,,,,,,,,,,,,,,,,,,,,,,
32110040004274,22/01/2025,Ludovico,1568,32110020008415,32110020008683,51.75,1,,,,,,,,,,,,,,,,,,,,,,,,,
32110040004275,22/01/2025,Ray,1559,32110020008433,32110020008446,53.35,1,,,,,,,,,,,,,,,,,,,,,,,,,
32110040004276,22/01/2025,Ludovico,0664,32110020008489,32110020008668,50.76,1,,,,,,,,,,,,,,,,,,,,,,,,,
32110040004277,28/01/2025,Ray,1495,32110020008562,32110020008673,52.16,1,,,,,,,,,,,,,,,,,,,,,,,,,
32110040004278,29/01/2025,Jason,1516,32110020008552,32110020008645,52.91,1,,,,,,,,,,,,,,,,,,,,,,,,,
32110040004279,29/01/2025,Jason,1564,32110020008574,32110020008666,52.26,1,,,,,,,,,,,,,,,,,,,,,,,,,
32110040004280,29/01/2025,Jason,1533,32110020008594,32110020008650,52.01,1,,,,,,,,,,,,,,,,,,,,,,,,,
32110040004281,29/01/2025,Jason,1560,32110020008538,32110020008684,51.47,1,,,,,,,,,,,,,,,,,,,,,,,,,
32110040004282,29/01/2025,Jason,0663,32110020008422,32110020008561,51.95,1,,,,,,,,,,,,,,,,,,,,,,,,,
32110040004283,29/01/2025,A+T,1557,32110020008436,32110020008451,51.54,1,,,,,,,,,,,,,,,,,,,,,,,,,
32110040004284,29/01/2025,A+T,1623,32110020008589,32110020008694,51.94,1,,,,,,,,,,,,,,,,,,,,,,,,,
32110040004285,29/01/2025,A+T,1486,32110020008674,32110020008693,51.29,1,,,,,,,,,,,,,,,,,,,,,,,,,
32110040004286,29/01/2025,A+T,1562,32110020008432,32110020008679,5029,1,,,,,,,,,,,,,,,,,,,,,,,,,
32110040004287,29/01/2025,Ray,1479,32110020008597,32110020008625,52,1,,,,,,,,,,,,,,,,,,,,,,,,,
32110040004288,29/01/2025,Ludovico,0525,32110020008599,32110020008667,52.14,1,,,,,,,,,,,,,,,,,,,,,,,,,
32110040004289,29/01/2025,R+L,1586,32110020008478,32110020008611,51.9,1,,,,,,,,,,,,,,,,,,,,,,,,,
32110040004290,29/01/2025,R+L,0643,32110020008571,32110020008613,52.4,1,,,,,,,,,,,,,,,,,,,,,,,,,
32110040004291,29/01/2025,R+L,1583,32110020008490,32110020008507,52.4,1,,,,,,,,,,,,,,,,,,,,,,,,,
32110040004292,29/01/2025,R+L,0595,32110020008546,32110020008617,52.7,1,,,,,,,,,,,,,,,,,,,,,,,,,
32110040004293,31/01/2025,A+T,0608,32110020008536,32110020008626,51.71,1,,,,,,,,,,,,,,,,,,,,,,,,,
32110040004294,31/01/2025,A+T,1454,32110020008435,32110020008658,52.14,1,,,,,,,,,,,,,,,,,,,,,,,,,
32110040004295,31/01/2025,A+T,1497,32110020008527,32110020008558,52.64,1,,,,,,,,,,,,,,,,,,,,,,,,,
32110040004296,31/01/2025,A+T,1448,32110020008417,32110020008434,53.67,1,,,,,,,,,,,,,,,,,,,,,,,,,
32110040004297,31/01/2025,A+T,1589,32110020008473,32110020008539,51.22,1,,,,,,,,,,,,,,,,,,,,,,,,,
32110040004298,31/01/2025,A+T,1498,32110020008525,32110020008642,51.98,1,,,,,,,,,,,,,,,,,,,,,,,,,
32110040004299,03/02/2025,Soham,1591,32110020008425,32110020008428,52.7,1,,,,,,,,,,,,,,,,,,,,,,,,,
32110040004300,03/02/2025,Elise,1579,32110020008466,32110020008535,51.8,1,,,,,,,,,,,,,,,,,,,,,,,,,
32110040004301,04/02/2025,Ray,1721,32110020008547,32110020008620,51.6,1,,,,,,,,,,,,,,,,,,,,,,,,,
32110040004302,05/02/2025,Ray,1456,32110020008431,32110020008514,52.55,1,,,,,,,,,,,,,,,,,,,,,,,,,
32110040004303,06/02/2025,Ludovico,1599,32110020008484,32110020008573,52,1,,,,,,,,,,,,,,,,,,,,,,,,,
32110040004304,06/02/2025,Ludovico,0613,32110020008440,32110020008669,52.5,1,,,,,,,,,,,,,,,,,,,,,,,,,
32110040004305,06/02/2025,Ray,1590,32110020008470,32110020008651,50.35,1,,,,,,,,,,,,,,,,,,,,,,,,,
32110040004307,06/02/2025,Ray,1459,32110020008427,32110020008649,53.2,1,,,,,,,,,,,,,,,,,,,,,,,,,
32110040004306,06/02/2025,Ludovico,1803,32110020008590,32110020008629,52.13,1,,,,,,,,,,,,,,,,,,,,,,,,,
32110040004311,06/02/2025,Ludovico,1803,32110020008590,32110020008629,52.13,1,,,,,,,,,,,,,,,,,,,,,,,,,
32110040004308,06/02/2025,Ludovico,1865,32110020008533,32110020008655,51.85,1,,,,,,,,,,,,,,,,,,,,,,,,,
32110040004309,10/02/2025,Jason,0661,32110020008448,32110020008563,52.1,1,,,,,,,,,,,,,,,,,,,,,,,,,
32110040004310,10/02/2025,Elise,0639,32110020008544,32110020008604,52.6,1,,,,,,,,,,,,,,,,,,,,,,,,,
32110040004312,11/02/2025,Jason,1621,32110020008496,32110020008632,51.94,1,,,,,,,,,,,,,,,,,,,,,,,,,
32110040004313,06/02/2025,Ludovico,1803,32110020008590,32110020008629,51.97,1,,,,,,,,,,,,,,,,,,,,,,,,,
32110040004314,12/02/2025,Thomas,0641,32110020008453,32110020008647,51.58,1,,,,,,,,,,,,,,,,,,,,,,,,,
32110040004315,12/02/2025,Ludovico,1459,32110020008569,32110020008623,51.85,1,,,,,,,,,,,,,,,,,,,,,,,,,
32110040004316,12/02/2025,Ludovico,0612,32110020008427,32110020008444,51.7,1,,,,,,,,,,,,,,,,,,,,,,,,,
32110040004317,19/02/2025,Jason,0594,32110020008700,32110020008750,50.08,1,,,,,,,,,,,,,,,,,,,,,,,,,
32110040004318,19/02/2025,Jason,1649,32110020008735,32110020008737,51.34,1,,,,,,,,,,,,,,,,,,,,,,,,,
32110040004319,19/02/2025,Ray,0310,32110020008719,32110020008755,51.3,1,,,,,,,,,,,,,,,,,,,,,,,,,
32110040004320,19/02/2025,Alex,0659,32110020008713,32110020008725,51.49,1,,,,,,,,,,,,,,,,,,,,,,,,,
32110040004321,19/02/2025,Alex,0802,32110020008730,32110020008751,50.01,1,,,,,,,,,,,,,,,,,,,,,,,,,
32110040004322,20/02/2025,Ludovico,0611,32110020008703,32110020008740,50.7,1,,,,,,,,,,,,,,,,,,,,,,,,,
32110040004323,21/02/2025,Jason,1558,32110020008748,32110020008810,50.95,1,,,,,,,,,,,,,,,,,,,,,,,,,
32110040004324,21/02/2025,Jason,1565,32110020008715,32110020008741,50.35,1,,,,,,,,,,,,,,,,,,,,,,,,,
32110040004325,21/02/2025,Jason,1626,32110020008784,32110020008796,51.65,1,,,,,,,,,,,,,,,,,,,,,,,,,
32110040004326,21/02/2025,Jason,1598,32110020008695,32110020008753,51.14,1,,,,,,,,,,,,,,,,,,,,,,,,,
32110040004327,21/02/2025,Jason,0633,32110020008731,32110020008772,50.27,1,,,,,,,,,,,,,,,,,,,,,,,,,
32110040004328,24/02/2025,A+T,1595,32110020008702,32110020008808,51.74,1,,,,,,,,,,,,,,,,,,,,,,,,,
32110040004329,24/02/2025,A+T,0648,32110020008720,32110020008744,51.46,1,,,,,,,,,,,,,,,,,,,,,,,,,
32110040004330,24/02/2025,A+T,1529,32110020008729,32110020008743,49.68,1,,,,,,,,,,,,,,,,,,,,,,,,,
32110040004331,24/02/2025,A+T,1576,32110020008736,32110020008756,51.33,1,,,,,,,,,,,,,,,,,,,,,,,,,
32110040004332,25/02/2025,Jason,1630,32110020008754,32110020008765,51.08,1,,,,,,,,,,,,,,,,,,,,,,,,,
32110040004333,25/02/2025,Jason,0662,32110020008716,32110020008785,50.34,1,,,,,,,,,,,,,,,,,,,,,,,,,
32110040004334,25/02/2025,Jason,0635,32110020008708,32110020008757,50.93,1,,,,,,,,,,,,,,,,,,,,,,,,,
32110040004335,25/02/2025,Jason,1575,32110020008777,32110020008821,51.14,1,,,,,,,,,,,,,,,,,,,,,,,,,
32110040004336,25/02/2025,Jason,0634,32110020008749,32110020008815,51.12,1,,,,,,,,,,,,,,,,,,,,,,,,,
32110040004337,25/02/2025,Jason,1561,32110020008717,32110020008745,52.07,1,,,,,,,,,,,,,,,,,,,,,,,,,
32110040004338,25/02/2025,Alex,1596,32110020008752,32110020008780,51.04,1,,,,,,,,,,,,,,,,,,,,,,,,,
32110040004339,25/02/2025,Alex,1582,32110020008728,32110020008774,50.94,1,,,,,,,,,,,,,,,,,,,,,,,,,
32110040004340,26/02/2025,Jason,1585,32110020008804,32110020008826,52.46,1,,,,,,,,,,,,,,,,,,,,,,,,,
32110040004341,26/02/2025,Jason,0607,32110020008705,32110020008825,51.86,1,,,,,,,,,,,,,,,,,,,,,,,,,
32110040004342,26/02/2025,Jason,1504,32110020008789,32110020008824,51.33,1,,,,,,,,,,,,,,,,,,,,,,,,,
32110040004343,26/02/2025,Alex,1600,32110020008781,32110020008818,50.11,1,,,,,,,,,,,,,,,,,,,,,,,,,
32110040004344,26/02/2025,Alex,1525,32110020008776,32110020008786,51.3,1,,,,,,,,,,,,,,,,,,,,,,,,,
32110040004345,26/02/2025,Jason,1580,32110020008747,32110020008807,51.03,1,,,,,,,,,,,,,,,,,,,,,,,,,
32110040004346,26/02/2025,Ray,1894,32110020008723,32110020008816,51.31,1,,,,,,,,,,,,,,,,,,,,,,,,,
32110040004347,26/02/2025,Ray,0657,32110020008773,32110020008803,51.34,1,,,,,,,,,,,,,,,,,,,,,,,,,
32110040004348,27/02/2025,Soham,1581,32110020008727,32110020008805,50.77,1,,,,,,,,,,,,,,,,,,,,,,,,,
32110040004349,27/02/2025,Soham,1769,32110020008707,32110020008820,50.99,1,,,,,,,,,,,,,,,,,,,,,,,,,
32110040004350,27/02/2025,Jason,1648,32110020008787,32110020008827,51.25,1,,,,,,,,,,,,,,,,,,,,,,,,,
32110040004351,27/02/2025,Jason,1572,32110020008782,32110020008822,50.65,1,,,,,,,,,,,,,,,,,,,,,,,,,
32110040004352,27/02/2025,Soham,0369,32110020008706,32110020008767,50.61,1,,,,,,,,,,,,,,,,,,,,,,,,,
32110040004353,27/02/2025,Ray,0389,32110020008714,32110020008792,51.3,1,,,,,,,,,,,,,,,,,,,,,,,,,
32110040004354,27/02/2025,Alex,0361,32110020008709,32110020008762,51.38,1,,,,,,,,,,,,,,,,,,,,,,,,,
32110040004355,27/02/2025,Thomas,1541,32110020008721,32110020008771,51.34,1,,,,,,,,,,,,,,,,,,,,,,,,,
32110040004356,27/02/2025,Jason,0305,32110020008742,32110020008790,52.45,1,,,,,,,,,,,,,,,,,,,,,,,,,
32110040004357,27/02/2025,Soham,0404,32110020008722,32110020008814,51.51,1,,,,,,,,,,,,,,,,,,,,,,,,,
32110040004358,27/02/2025,Ludovico,0372,32110020008764,32110020008768,50.72,1,,,,,,,,,,,,,,,,,,,,,,,,,
32110040004359,27/02/2025,Ludovico,0370,32110020008696,32110020008701,50.88,1,,,,,,,,,,,,,,,,,,,,,,,,,
32110040004360,27/02/2025,Ludovico,1536,32110020008761,32110020008791,51.2,1,,,,,,,,,,,,,,,,,,,,,,,,,
32110040004361,27/02/2025,Ludovico,0371,32110020008759,32110020008775,52.23,1,,,,,,,,,,,,,,,,,,,,,,,,,
32110040004362,27/02/2025,Ludovico,0416,32110020008766,32110020008794,52.96,1,,,,,,,,,,,,,,,,,,,,,,,,,
32110040004363,28/02/2025,Ludovico,0382,32110020008710,32110020008758,50.82,1,,,,,,,,,,,,,,,,,,,,,,,,,
32110040004364,28/02/2025,Ludovico,0313,32110020008770,32110020008813,51.5,1,,,,,,,,,,,,,,,,,,,,,,,,,
32110040004365,28/02/2025,Jason,0405,32110020008600,32110020008912,51.83,1,,,,,,,,,,,,,,,,,,,,,,,,,
32110040004366,28/02/2025,Thomas,0374,32110020008867,32110020008911,51.9,1,,,,,,,,,,,,,,,,,,,,,,,,,
32110040004367,03/03/2025,Jason,0594,32110020008700,32110020008750,50.33,1,,,,,,,,,,,,,,,,,,,,,,,,,
32110040004368,03/03/2025,Jason,1649,/home/cptlab1/mnt/cptlab_share/results/QAQC_DM/run-0059_DM-32110040004292.log,32110020008737,51.52,1,,,,,,,,,,,,,,,,,,,,,,,,,
32110040004369,03/03/2025,Jason,0276,32110020008927,32110020008933,51.62,1,,,,,,,,,,,,,,,,,,,,,,,,,
32110040004370,03/03/2025,Jason,0390,32110020008850,32110020008862,51.52,1,,,,,,,,,,,,,,,,,,,,,,,,,
32110040004371,03/03/2025,Jason,1549,32110020008921,32110020008929,50.53,1,,,,,,,,,,,,,,,,,,,,,,,,,
32110040004372,03/03/2025,Jason,0377,32110020008874,32110020008898,51.51,1,,,,,,,,,,,,,,,,,,,,,,,,,
32110040004373,03/03/2025,Jason,1548,32110020008576,32110020008928,52.01,1,,,,,,,,,,,,,,,,,,,,,,,,,
32110040004374,03/03/2025,A+T,0392,32110020008903,32110020008938,50.54,1,,,,,,,,,,,,,,,,,,,,,,,,,
32110040004375,03/03/2025,A+T,0274,32110020008837,32110020008897,51,1,,,,,,,,,,,,,,,,,,,,,,,,,
32110040004376,03/03/2025,A+T,0396,32110020008836,32110020008907,49.27,1,,,,,,,,,,,,,,,,,,,,,,,,,
32110040004377,03/03/2025,A+T,0384,32110020008839,32110020008892,50.95,1,,,,,,,,,,,,,,,,,,,,,,,,,
32110040004378,04/03/2025,Ludovico,0270,32110020008895,32110020008909,50.3,1,,,,,,,,,,,,,,,,,,,,,,,,,
32110040004379,04/03/2025,Ludovico,0385,32110020008879,32110020008883,51.7,1,,,,,,,,,,,,,,,,,,,,,,,,,
32110040004380,06/03/2025,A+T,1667,32110020008885,32110020008918,51.21,1,,,,,,,,,,,,,,,,,,,,,,,,,
32110040004381,06/03/2025,A+T,0311,32110020008831,32110020008932,50.78,1,,,,,,,,,,,,,,,,,,,,,,,,,
32110040004382,06/03/2025,A+T,0269,32110020008846,32110020008926,50.61,1,,,,,,,,,,,,,,,,,,,,,,,,,
32110040004383,06/03/2025,A+T,0279,32110020008884,32110020008934,51.16,1,,,,,,,,,,,,,,,,,,,,,,,,,
32110040004384,07/03/2025,Jason,0356,32110020008887,32110020008906,51.95,1,,,,,,,,,,,,,,,,,,,,,,,,,
32110040004385,10/03/2025,Jason,0366,32110020008859,32110020008910,51.17,1,,,,,,,,,,,,,,,,,,,,,,,,,
32110040004386,13/03/2025,Jason,0375,32110020008778,32110020008866,51.05,1,,,,,,,,,,,,,,,,,,,,,,,,,
32110040004387,13/03/2025,Jason,0373,32110020008799,32110020008890,51.53,1,,,,,,,,,,,,,,,,,,,,,,,,,
32110040004388,13/03/2025,Jason,0381,32110020008801,32110020008809,51.69,1,,,,,,,,,,,,,,,,,,,,,,,,,
32110040004389,13/03/2025,Jason,0406,32110020008845,32110020008856,50.55,1,,,,,,,,,,,,,,,,,,,,,,,,,
32110040004390,13/03/2025,Jason,1697,32110020008844,32110020008853,50.66,1,,,,,,,,,,,,,,,,,,,,,,,,,
32110040004391,13/03/2025,Jason,1707,32110020008830,32110020008908,51.86,1,,,,,,,,,,,,,,,,,,,,,,,,,
32110040004392,13/03/2025,Jason,1710,32110020008913,32110020008949,51.39,1,,,,,,,,,,,,,,,,,,,,,,,,,
32110040004393,13/03/2025,Jason,0394,32110020008779,32110020008886,51.38,1,,,,,,,,,,,,,,,,,,,,,,,,,
32110040004394,13/03/2025,Jason,0368,32110020008888,32110020008915,51.46,1,,,,,,,,,,,,,,,,,,,,,,,,,
32110040004395,13/03/2025,Jason,0387,32110020008905,32110020008914,51.74,1,,,,,,,,,,,,,,,,,,,,,,,,,
32110040004396,13/03/2025,Jason,1680,32110020008877,32110020008947,51.8,1,,,,,,,,,,,,,,,,,,,,,,,,,
32110040004397,13/03/2025,Jason,1681,32110020008917,32110020008943,50.39,1,,,,,,,,,,,,,,,,,,,,,,,,,
32110040004398,24/03/2025,Alex,0407,32110020008860,32110020008935,50.49,1,,,,,,,,,,,,,,,,,,,,,,,,,
32110040004399,24/03/2025,Alex,0367,32110020008878,32110020008902,51,1,,,,,,,,,,,,,,,,,,,,,,,,,
32110040004400,25/03/2025,Jason,1676,32110020008940,32110020008948,50.2,1,,,,,,,,,,,,,,,,,,,,,,,,,
32110040004401,25/03/2025,Jason,1692,32110020008734,32110020008769,50.18,1,,,,,,,,,,,,,,,,,,,,,,,,,
32110040004402,25/03/2025,Jason,0312,32110020008802,32110020008848,50.74,1,,,,,,,,,,,,,,,,,,,,,,,,,
32110040004403,25/03/2025,Jason,0355,32110020008941,32110020008946,49.8,1,,,,,,,,,,,,,,,,,,,,,,,,,
32110040004404,25/03/2025,Jason,0359,32110020008711,32110020008739,51.13,1,,,,,,,,,,,,,,,,,,,,,,,,,
32110040004405,25/03/2025,Jason,1682,32110020008712,32110020008891,51.48,1,,,,,,,,,,,,,,,,,,,,,,,,,
32110040004406,25/03/2025,Jason,1550,32110020008763,32110020008882,51.45,1,,,,,,,,,,,,,,,,,,,,,,,,,
32110040004407,25/03/2025,Jason,0263,32110020008724,32110020008919,50.57,1,,,,,,,,,,,,,,,,,,,,,,,,,
32110040004408,25/03/2025,Jason,1535,32110020008738,32110020008823,50.29,1,,,,,,,,,,,,,,,,,,,,,,,,,
32110040004409,25/03/2025,Jason,0412,32110020008868,32110020008894,52.05,1,,,,,,,,,,,,,,,,,,,,,,,,,
32110040004410,26/03/25,Alex,1551,32110020008733,32110020008875,51.25,1,,,,,,,,,,,,,,,,,,,,,,,,,
32110040004411,26/03/25,Alex,0360,32110020008835,32110020008944,51.1,1,,,,,,,,,,,,,,,,,,,,,,,,,
32110040004412,26/03/25,Ludovico,0395,32110020008876,32110020008922,52.19,1,,,,,,,,,,,,,,,,,,,,,,,,,
32110040004413,26/03/25,Ludovico,1687,32110020008783,32110020008798,50.56,1,,,,,,,,,,,,,,,,,,,,,,,,,
32110040004414,26/03/25,Alex,0399,32110020008832,32110020008854,51.5,1,,,,,,,,,,,,,,,,,,,,,,,,,
32110040004415,26/03/25,Alex,1708,32110020008795,32110020008812,51.41,1,,,,,,,,,,,,,,,,,,,,,,,,,
32110040004416,27/03/25,Ludovico,1543,32110020008697,32110020008811,50.66,1,,,,,,,,,,,,,,,,,,,,,,,,,
32110040004417,27/03/25,Ludovico,1545,32110020008858,32110020008872,50.51,1,,,,,,,,,,,,,,,,,,,,,,,,,
32110040004418,27/03/25,Ludovico,1555,32110020008871,32110020008828,51.09,1,,,,,,,,,,,,,,,,,,,,,,,,,
32110040004419,27/03/25,Ludovico,1709,32110020008718,32110020008760,50.87,1,,,,,,,,,,,,,,,,,,,,,,,,,
32110040004420,27/03/25,Ludovico,1662,32110020008893,32110020008945,51.38,1,,,,,,,,,,,,,,,,,,,,,,,,,
32110040004421,27/03/25,Ludovico,1554,32110020008863,32110020008873,51.59,1,,,,,,,,,,,,,,,,,,,,,,,,pairing was changed (modules were matched with an already matched pair),
32110040004422,31/03/25,Alex,1691,32110020008870,32110020008974,51.04,1,,,,,,,,,,,,,,,,,,,,,,,,,
32110040004423,31/03/25,Alex,1501,32110020008989,32110020009000,50.99,1,,,,,,,,,,,,,,,,,,,,,,,,,
32110040004424,01/04/25,Alex,1534,32110020008967,32110020008996,50.68,1,,,,,,,,,,,,,,,,,,,,,,,,,
32110040004425,01/04/25,Alex,1502,32110020008980,32110020009081,50.31,1,,,,,,,,,,,,,,,,,,,,,,,,,
32110040004426,02/04/25,Jason,1705,32110020008964,32110020009074,51.88,1,,,,,,,,,,,,,,,,,,,,,,,,,
32110040004427,02/04/25,Jason,1685,32110020008984,32110020009076,51.76,1,,,,,,,,,,,,,,,,,,,,,,,,,
32110040004428,02/04/25,Jason,1673,32110020008979,32110020009077,51.87,1,,,,,,,,,,,,,,,,,,,,,,,,,
32110040004429,02/04/25,Jason,1539,32110020008969,32110020008992,51.32,1,,,,,,,,,,,,,,,,,,,,,,,,,
32110040004430,02/04/25,Jason,1664,32110020008965,32110020009016,50.99,1,,,,,,,,,,,,,,,,,,,,,,,,,
32110040004431,02/04/25,Jason,1706,32110020009048,32110020009051,51.2,1,,,,,,,,,,,,,,,,,,,,,,,,,
32110040004432,02/04/25,Jason,1658,32110020008952,32110020009060,51.22,1,,,,,,,,,,,,,,,,,,,,,,,,,
32110040004433,02/04/25,Jason,1656,32110020009002,32110020009066,51.99,1,,,,,,,,,,,,,,,,,,,,,,,,,
32110040004434,02/04/25,Jason,1684,32110020008973,32110020008988,49.89,1,,,,,,,,,,,,,,,,,,,,,,,,,
32110040004435,02/04/25,Jason,1547,32110020008976,32110020008982,51.45,1,,,,,,,,,,,,,,,,,,,,,,,,,
32110040004436,03/04/25,Soham,1540,32110020009072,32110020009093,51.25,1,,,,,,,,,,,,,,,,,,,,,,,,,
32110040004437,03/04/25,Soham,1701,32110020009055,32110020009097,51.48,1,,,,,,,,,,,,,,,,,,,,,,,,,
32110040004438,04/04/25,Soham,1663,32110020008955,32110020008968,50.87,1,,,,,,,,,,,,,,,,,,,,,,,,,
32110040004439,04/04/25,Soham,1688,32110020009068,32110020009075,52.05,1,,,,,,,,,,,,,,,,,,,,,,,,,
32110040004440,04/04/25,Soham,1703,32110020008985,32110020009047,50.63,1,,,,,,,,,,,,,,,,,,,,,,,,,
32110040004441,04/04/25,Soham,1699,32110020008958,32110020008990,51.59,1,,,,,,,,,,,,,,,,,,,,,,,,,
32110040004442,04/04/25,Alex,1661,32110020008852,32110020009036,51.27,1,,,,,,,,,,,,,,,,,,,,,,,,,
32110040004443,04/04/25,Alex,1698,32110020008954,32110020009125,50.88,1,,,,,,,,,,,,,,,,,,,,,,,,,
32110040004444,09/04/2025,Alex,0537,32110020009050,32110020009126,51.6,1,,,,,,,,,,,,,,,,,,,,,,,,,
32110040004445,09/04/2025,Alex,0670,32110020008971,32110020009129,49.83,1,,,,,,,,,,,,,,,,,,,,,,,,,
32110040004446,09/04/2025,Jason,0655,32110020008956,32110020008977,51.43,1,,,,,,,,,,,,,,,,,,,,,,,,,
32110040004447,09/04/2025,Jason,0692,32110020008975,32110020009001,51.5,1,,,,,,,,,,,,,,,,,,,,,,,,,
32110040004448,09/04/2025,Jason,0684,32110020009042,32110020009071,52.37,1,,,,,,,,,,,,,,,,,,,,,,,,,
32110040004449,09/04/2025,Jason,0626,32110020009062,32110020009084,52.17,1,,,,,,,,,,,,,,,,,,,,,,,,,
32110040004450,09/04/2025,Jason,0683,32110020008959,32110020009041,51.55,1,,,,,,,,,,,,,,,,,,,,,,,,,
32110040004451,09/04/2025,Jason,0676,32110020008981,32110020009069,51.63,1,,,,,,,,,,,,,,,,,,,,,,,,,
32110040004452,09/04/2025,Jason,0693,32110020009008,32110020009024,51.57,1,,,,,,,,,,,,,,,,,,,,,,,,,
32110040004453,09/04/2025,Jason,0583,32110020009049,32110020009088,52.38,1,,,,,,,,,,,,,,,,,,,,,,,,,
32110040004454,09/04/2025,Jason,0688,32110020008987,32110020009067,52.21,1,,,,,,,,,,,,,,,,,,,,,,,,,
32110040004455,09/04/2025,Jason,0650,32110020008951,32110020009040,51.67,1,,,,,,,,,,,,,,,,,,,,,,,,,
32110040004456,09/04/2025,Alex,0687,32110020009063,32110020009073,51.03,1,,,,,,,,,,,,,,,,,,,,,,,,,
32110040004457,09/04/2025,Alex,0503,32110020009027,32110020009078,51.53,1,,,,,,,,,,,,,,,,,,,,,,,,,
32110040004458,11/04/2025,Jason,0610,32110020008978,32110020009003,51.82,1,,,,,,,,,,,,,,,,,,,,,,,,,
32110040004459,11/04/2025,Jason,0617,32110020008994,32110020009079,51,1,,,,,,,,,,,,,,,,,,,,,,,,,
32110040004460,11/04/2025,Jason,0665,32110020008603,32110020008995,51.67,1,,,,,,,,,,,,,,,,,,,,,,,,,
32110040004461,11/04/2025,Jason,0534,32110020008993,32110020009053,51.69,1,,,,,,,,,,,,,,,,,,,,,,,,,
32110040004462,11/04/2025,Jason,0578,32110020009018,32110020009127,51.61,1,,,,,,,,,,,,,,,,,,,,,,,,,
32110040004463,11/04/2025,Jason,0656,32110020008999,32110020009091,52.24,1,,,,,,,,,,,,,,,,,,,,,,,,,
32110040004464,11/04/2025,Jason,0690,32110020009029,32110020009065,51.42,1,,,,,,,,,,,,,,,,,,,,,,,,,
32110040004465,11/04/2025,Jason,0694,32110020009080,32110020009116,52.18,1,,,,,,,,,,,,,,,,,,,,,,,,,
32110040004466,11/04/2025,Jason,0580,32110020008970,32110020009064,50.43,1,,,,,,,,,,,,,,,,,,,,,,,,,
32110040004467,11/04/2025,Jason,0701,32110020008991,32110020009102,50.47,1,,,,,,,,,,,,,,,,,,,,,,,,,
32110040004468,11/04/2025,Alex,0569,32110020009004,32110020009028,51.01,1,,,,,,,,,,,,,,,,,,,,,,,,,
32110040004469,11/04/2025,Alex,0523,32110020008950,32110020009013,51.64,1,,,,,,,,,,,,,,,,,,,,,,,,,
32110040004470,11/04/2025,Ray,0602,32110020008966,32110020009046,51.43,1,,,,,,,,,,,,,,,,,,,,,,,,,
32110040004471,11/04/2025,Ray,0614,32110020009086,32110020009039,51.78,1,,,,,,,,,,,,,,,,,,,,,,,,,
32110040004472,14/04/2025,Ludo,0746,32110020009019,32110020009061,51.11,1,,,,,,,,,,,,,,,,,,,,,,,,,
32110040004473,14/04/2025,Ludo,0606,32110020009099,32110020009117,51.16,1,,,,,,,,,,,,,,,,,,,,,,,,,
32110040004474,14/04/2025,Ludo,0685,32110020009092,32110020009035,50.97,1,,,,,,,,,,,,,,,,,,,,,,,,,
32110040004475,14/04/2025,Ludo,0584,32110020009037,32110020009056,51.84,1,,,,,,,,,,,,,,,,,,,,,,,,,
32110040004476,15/04/2025,Alex,0737,32110020009044,32110020009054,51.64,1,,,,,,,,,,,,,,,,,,,,,,,,,
32110040004477,15/04/2025,Alex,0567,32110020008962,32110020009045,50.75,1,,,,,,,,,,,,,,,,,,,,,,,,,
32110040004478,15/05/2025,A+T,0513,32110020008472,32110020008960,50.26,1,,,,,,,,,,,,,,,,,,,,,,,,,
32110040004479,15/05/2025,A+T,0616,32110020008942,32110020009010,50.24,1,,,,,,,,,,,,,,,,,,,,,,,,,
32110040004480,15/05/2025,A+T,0585,32110020009006,32110020009133,50.73,1,,,,,,,,,,,,,,,,,,,,,,,,,
32110040004481,15/05/2025,A+T,0747,32110020009026,32110020009131,50.5,1,,,,,,,,,,,,,,,,,,,,,,,,,
32110040004482,16/04/2025,A+T,0504,32110020008843,32110020009023,51.27,1,,,,,,,,,,,,,,,,,,,,,,,,,
32110040004483,16/04/2025,A+T,0763,32110020008998,32110020009085,51.92,1,,,,,,,,,,,,,,,,,,,,,,,,,
32110040004484,16/04/2025,A+T,0579,32110020008961,32110020009057,50.32,1,,,,,,,,,,,,,,,,,,,,,,,,,
32110040004485,16/04/2025,A+T,0588,32110020009038,32110020009070,51.27,1,,,,,,,,,,,,,,,,,,,,,,,,,
32110040004486,18/04/2025,A+T,0562,32110020008963,32110020009096,50.93,1,,,,,,,,,,,,,,,,,,,,,,,,,
32110040004487,18/04/2025,A+T,0551,32110020008997,32110020009015,51.33,1,,,,,,,,,,,,,,,,,,,,,,,,,
32110040004488,18/04/2025,A+T,0538,32110020008441,32110020009058,51.65,1,                                   ,,,,,,,,,,,,,,,,,,,,,,,,
32110040004489,18/04/2025,A+T,0519,32110020008923,32110020009043,50.6,1,,,,,,,,,,,,,,,,,,,,,,,,,
32110040004490,18/04/2025,A+T,0538,32110020008441,32110020009058,51.65,1,,,,,,,,,,,,,,,,,,,,,,,,,
32110040004491,21/04/2025,Alex,0547,32110020009009,32110020009032,51.54,1,,,,,,,,,,,,,,,,,,,,,,,,,
32110040004492,21/04/2025,Alex,0565,32110020008900,32110020009106,51.1,1,,,,,,,,,,,,,,,,,,,,,,,,,
32110040004493,22/04/2025,Alex,0501,32110020008916,32110020009121,51.01,1,,,,,,,,,,,,,,,,,,,,,,,,,
32110040004494,22/04/2025,Alex,0698,32110020009090,32110020009128,51.41,1,,,,,,,,,,,,,,,,,,,,,,,,,
32110040004495,28/04/2025,Alex,0570,32110020008855,32110020009059,51.38,1,,,,,,,,,,,,,,,,,,,,,,,,,
32110040004496,28/04/2025,Alex,0512,32110020009033,32110020009098,50.53,1,,,,,,,,,,,,,,,,,,,,,,,,,
32110040004497,29/04/2025,Alex,0553,32110020008889,32110020009105,50.64,1,,,,,,,,,,,,,,,,,,,,,,,,,
32110040004498,29/04/2025,Alex,0576,32110020009011,32110020009034,51.19,1,,,,,,,,,,,,,,,,,,,,,,,,,
32110040004499,29/04/2025,Soham,0507,32110020009014,32110020009118,52.31,2,,,,,,,,,,,,,,,,,,,,,,,,,
32110040004500,01/05/2025,Alex,0502,32110020008904,32110020009132,49.21,2,,,,,,,,,,,,,,,,,,,,,,,,,
32110040004501,01/05/2025,Alex,0511,32110020009012,32110020009017,51.6,2,,,,,,,,,,,,,,,,,,,,,,,,,
32110040004502,02/05/2025,Alex,0515,32110020008840,32110020008869,51.49,2,,,,,,,,,,,,,,,,,,,,,,,,,
32110040004503,02/05/2025,Alex,0549,32110020008896,32110020009124,51.93,2,,,,,,,,,,,,,,,,,,,,,,,,,
32110040004504,06/05/2025,Jason,0603,32110020009025,32110020009123,50.63,2,,,,,,,,,,,,,,,,,,,,,,,,,
32110040004505,06/05/2025,Jason,0744,32110020008857,32110020009021,50.83,2,,,,,,,,,,,,,,,,,,,,,,,,,
32110040004506,06/05/2025,Jason,0540,32110020008726,32110020009007,50.71,2,,,,,,,,,,,,,,,,,,,,,,,,,
32110040004507,06/05/2025,Jason,0738,32110020008641,32110020009134,50.76,2,,,,,,,,,,,,,,,,,,,,,,,,,
32110040004508,06/05/2025,Jason,0769,32110020008901,32110020009005,51.99,2,,,,,,,,,,,,,,,,,,,,,,,,,
32110040004509,07/05/2025,A+L,0691,32110020009185,32110020009233,52.7,2,,,,,,,,,,,,,,,,,,,,,,,,,
32110040004510,07/05/2025,A+L,0712,32110020008746,32110020009156,50.82,2,,,,,,,,,,,,,,,,,,,,,,,,,
32110040004511,07/05/2025,A+L,0651,32110020008972,32110020009170,51.58,2,,,,,,,,,,,,,,,,,,,,,,,,,
32110040004512,07/05/2025,A+L,0624,32110020008899,32110020009194,51.3,2,,,,,,,,,,,,,,,,,,,,,,,,,
32110040004513,08/05/2025,Soham,0669,32110020009259,32110020009296,50.2,2,,,,,,,,,,,,,,,,,,,,,,,,,
32110040004514,08/05/2025,Soham,0516,32110020009190,32110020009193,50.89,2,,,,,,,,,,,,,,,,,,,,,,,,,
32110040004515,08/05/2025,Elise,0702,32110020009164,32110020009282,50.83,2,,,,,,,,,,,,,,,,,,,,,,,,,
32110040004516,08/05/2025,Elise,0707,32110020009136,32110020009204,50.11,2,,,,,,,,,,,,,,,,,,,,,,,,,
32110040004517,08/05/2025,Ludovico,0619,32110020008957,32110020009183,51.96,2,,,,,,,,,,,,,,,,,,,,,,,,,
32110040004518,08/05/2025,Ludovico,0711,32110020009199,32110020009316,50.53,2,,,,,,,,,,,,,,,,,,,,,,,,,
32110040004519,08/05/2025,Ludovico,0597,32110020009087,32110020009243,51.8,2,,,,,,,,,,,,,,,,,,,,,,,,,
32110040004544,09/05/2025,Alex,0627,32110020009175,32110020009192,52.41,2,,,,,,,,,,,,,,,,,,,,,,,,,
32110040004545,09/05/2025,Alex,0667,32110020009151,32110020009235,52.06,2,,,,,,,,,,,,,,,,,,,,,,,,,
32110040004520,13/05/2025,Jason,0710,32110020009226,32110020009244,50.67,2,,,,,,,,,,,,,,,,,,,,,,,,,
32110040004521,13/05/2025,Jason,0615,32110020009299,32110020009323,49.87,2,,,,,,,,,,,,,,,,,,,,,,,,,
32110040004522,13/05/2025,Jason,0563,32110020009161,32110020009191,50.06,2,,,,,,,,,,,,,,,,,,,,,,,,,
32110040004523,13/05/2025,Jason,0675,32110020009139,32110020009186,49.36,2,,,,,,,,,,,,,,,,,,,,,,,,,
32110040004524,13/05/2025,Jason,0550,32110020009216,32110020009217,51.89,2,,,,,,,,,,,,,,,,,,,,,,,,,
32110040004525,13/05/2025,Jason,0623,32110020009247,32110020009286,51.63,2,,,,,,,,,,,,,,,,,,,,,,,,,
32110040004527,13/05/2025,Jason,0678,32110020009030,32110020009272,51.23,2,,,,,,,,,,,,,,,,,,,,,,,,,
32110040004528,13/05/2025,Jason,0672,32110020009264,32110020009327,50.54,2,,,,,,,,,,,,,,,,,,,,,,,,,
32110040004529,13/05/2025,Jason,0734,32110020009138,32110020009181,49.51,2,,,,,,,,,,,,,,,,,,,,,,,,,
32110040004530,13/05/2025,Jason,0620,32110020009160,32110020009203,52.12,2,,,,,,,,,,,,,,,,,,,,,,,,,
32110040004531,15/05/2025,Ludovico,0686,32110020009083,32110020009180,49.57,2,,,,,,,,,,,,,,,,,,,,,,,,,
32110040004532,15/05/2025,Ludovico,0681,32110020009140,32110020009255,49.1,2,,,,,,,,,,,,,,,,,,,,,,,,,
32110040004533,16/05/2025,Ludovico,0564,32110020009150,32110020009250,51.28,2,,,,,,,,,,,,,,,,,,,,,,,,,
32110040004534,16/05/2025,Ludovico,0689,32110020008986,32110020009187,52.49,2,,,,,,,,,,,,,,,,,,,,,,,,,
32110040004535,16/05/2025,Ludovico,0751,32110020008983,32110020009265,50.03,2,,,,,,,,,,,,,,,,,,,,,,,,,
32110040004536,22/05/2025,Ludovico,0520,32110020009230,32110020009252,51.65,2,,,,,,,,,,,,,,,,,,,,,,,,,
32110040004537,22/05/2025,Ludovico,0571,32110020008698,32110020009100,50.7,2,,,,,,,,,,,,,,,,,,,,,,,,,
32110040004538,22/05/2025,Ludovico,0505,32110020008732,32110020009202,50.55,2,,,,,,,,,,,,,,,,,,,,,,,,,
32110040004539,22/05/2025,Ludovico,0532,32110020009159,32110020009218,50.12,2,,,,,,,,,,,,,,,,,,,,,,,,,
32110040004540,27/05/2025,Alex,0526,32110020009241,32110020009314,51.2,2,,,,,,,,,,,,,,,,,,,,,,,,,
32110040004541,27/05/2025,Alex,0673,32110020009279,32110020009320,49.98,2,,,,,,,,,,,,,,,,,,,,,,,,,
32110040004542,29/05/2025,Jason,0506,32110020009207,32110020009212,51.52,2,,,,,,,,,,,,,,,,,,,,,,,,,
32110040004543,29/05/2025,Jason,0735,32110020009220,32110020009237,52.35,2,,,,,,,,,,,,,,,,,,,,,,,,,
32110040004546,29/05/2025,Jason,0671,32110020009245,32110020009291,51.93,2,,,,,,,,,,,,,,,,,,,,,,,,,
32110040004547,29/05/2025,Jason,0557,32110020008570,32110020008861,51.85,2,,,,,,,,,,,,,,,,,,,,,,,,,
32110040004548,29/05/2025,Jason,0517,32110020009144,32110020009152,50.83,2,,,,,,,,,,,,,,,,,,,,,,,,,
32110040004549,29/05/2025,Jason,0590,32110020009174,32110020009184,51.19,2,,,,,,,,,,,,,,,,,,,,,,,,,
32110040004550,29/05/2025,Jason,0508,32110020009256,32110020009263,50.77,2,,,,,,,,,,,,,,,,,,,,,,,,,
32110040004551,29/05/2025,Jason,0572,32110020009031,32110020009288,50.71,2,,,,,,,,,,,,,,,,,,,,,,,,,
32110040004552,29/05/2025,Jason,0561,32110020009197,32110020009227,51.47,2,,,,,,,,,,,,,,,,,,,,,,,,,
32110040004553,29/05/2025,Jason,0591,32110020009271,32110020009305,50.61,2,,,,,,,,,,,,,,,,,,,,,,,,,
32110040004554,29/05/2025,Alex,0752,32110020009287,32110020009295,49.87,2,,,,,,,,,,,,,,,,,,,,,,,,,
32110040004555,29/05/2025,Alex,0544,32110020009166,32110020009328,50.31,2,,,,,,,,,,,,,,,,,,,,,,,,,
32110040004556,02/06/2025,Alex,0560,32110020009224,32110020009254,50.7,2,,,,,,,,,,,,,,,,,,,,,,,,,
32110040004557,02/06/2025,Alex,0708,32110020009257,32110020009315,50.95,2,,,,,,,,,,,,,,,,,,,,,,,,,
32110040004558,03/06/2025,Victoria,0740,32110020009153,32110020009290,50.8,2,,,,,,,,,,,,,,,,,,,,,,,,,
32110040004559,03/06/2025,Jason,0666,32110020009231,32110020009249,52.6,2,,,,,,,,,,,,,,,,,,,,,,,,,
32110040004560,03/06/2025,Jason,0736,32110020009317,32110020009326,49.57,2,,,,,,,,,,,,,,,,,,,,,,,,,
32110040004561,03/06/2025,Jason,0625,32110020009173,32110020009178,51.3,2,,,,,,,,,,,,,,,,,,,,,,,,,
32110040004562,03/06/2025,Jason,0528,32110020008851,32110020009182,49.78,2,,,,,,,,,,,,,,,,,,,,,,,,,
32110040004563,03/06/2025,Jason,0677,32110020009114,32110020009324,50.6,2,,,,,,,,,,,,,,,,,,,,,,,,,
32110040004564,03/06/2025,Jason,0679,32110020008662,32110020009214,51.56,2,,,,,,,,,,,,,,,,,,,,,,,,,
32110040004565,03/06/2025,Jason,0766,32110020009232,32110020009266,52.8,2,,,,,,,,,,,,,,,,,,,,,,,,,
32110040004566,03/06/2025,Jason,0521,32110020009221,32110020009321,51.2,2,,,,,,,,,,,,,,,,,,,,,,,,,
32110040004567,03/06/2025,Jason,0762,32110020008797,32110020009312,49.98,2,,,,,,,,,,,,,,,,,,,,,,,,,
32110040004568,03/06/2025,Jason,0575,32110020008817,32110020009278,50.64,2,,,,,,,,,,,,,,,,,,,,,,,,,
32110040004569,03/06/2025,A+T,0682,32110020008865,32110020009310,50.52,2,,,,,,,,,,,,,,,,,,,,,,,,,
32110040004570,03/06/2025,A+T,0600,32110020009283,32110020009289,50.46,2,,,,,,,,,,,,,,,,,,,,,,,,,
32110040004571,03/06/2025,A+T,0546,32110020009113,32110020009229,50.85,2,,,,,,,,,,,,,,,,,,,,,,,,,
32110040004572,03/06/2025,A+T,0680,32110020009162,32110020009248,52.7,2,,,,,,,,,,,,,,,,,,,,,,,,,
32110040004573,03/07/2025,Alex,0518,32110020009242,32110020009275,51.66,2,,,,,,,,,,,,,,,,,,,,,,,,,
32110040004574,03/07/2025,Alex,0554,32110020009052,32110020009294,50.02,2,,,,,,,,,,,,,,,,,,,,,,,,,
32110040004575,06/06/2025,A+J,0541,32110020009143,32110020009171,50.11,2,,,,,,,,,,,,,,,,,,,,,,,,,
32110040004576,06/06/2025,A+J,0568,32110020009146,32110020009253,51.79,2,,,,,,,,,,,,,,,,,,,,,,,,,
32110040004577,06/06/2025,A+J,0706,32110020009238,32110020009293,49.14,2,,,,,,,,,,,,,,,,,,,,,,,,,
32110040004578,06/06/2025,A+J,0510,32110020009177,32110020009222,49.25,2,,,,,,,,,,,,,,,,,,,,,,,,,
32110040004579,09/06/2025,Alex,0573,32110020008924,32110020009147,50.09,2,,,,,,,,,,,,,,,,,,,,,,,,,
32110040004580,09/06/2025,Alex,0555,32110020009157,32110020009172,49.68,2,,,,,,,,,,,,,,,,,,,,,,,,,
32110040004581,10/06/2025,Alex,0558,32110020009213,32110020009228,50.49,2,,,,,,,,,,,,,,,,,,,,,,,,,
32110040004582,10/06/2025,Alex,0539,32110020009196,32110020009223,51.86,2,,,,,,,,,,,,,,,,,,,,,,,,,
32110040004583,11/06/2025,Elise,0509,32110020008847,32110020009329,50.19,2,,,,,,,,,,,,,,,,,,,,,,,,,
32110040004584,11/06/2025,Elise,0574,32110020009163,32110020009284,50.38,2,,,,,,,,,,,,,,,,,,,,,,,,,
32110040004585,11/06/2025,Elise,0552,32110020009111,32110020009276,50.91,2,,,,,,,,,,,,,,,,,,,,,,,,,
32110040004586,11/06/2025,Thomas,3436,32110020009188,32110020009318,50.17,2,,,,,,,,,,,,,,,,,,,,,,,,,
32110040004587,11/06/2025,Thomas,2330,32110020009208,32110020009313,49.21,2,,,,,,,,,,,,,,,,,,,,,,,,,
32110040004588,11/06/2025,Alex,2766,32110020009148,32110020009155,49.74,2,,,,,,,,,,,,,,,,,,,,,,,,,
32110040004589,11/06/2025,Alex,3415,32110020009120,32110020009258,50.96,2,,,,,,,,,,,,,,,,,,,,,,,,,
32110040004590,11/06/2025,Thomas,2724,32110020008864,32110020008925,51.53,2,,,,,,,,,,,,,,,,,,,,,,,,,
32110040004591,11/06/2025,Thomas,2536,32110020009122,32110020009179,51,2,,,,,,,,,,,,,,,,,,,,,,,,,
32110040004592,11/06/2025,Alex,2688,32110020009149,32110020009239,50.6,2,,,,,,,,,,,,,,,,,,,,,,,,,
32110040004593,11/06/2025,Alex,3432,32110020009273,32110020009319,49.47,2,,,,,,,,,,,,,,,,,,,,,,,,,
32110040004594,11/06/2025,Jason,3435,32110020008829,32110020009165,50.53,2,,,,,,,,,,,,,,,,,,,,,,,,,
32110040004595,11/06/2025,Jason,3444,32110020009130,32110020009269,49.46,2,,,,,,,,,,,,,,,,,,,,,,,,,
32110040004596,11/06/2025,Jason,2378,32110020009101,32110020009206,49.41,2,,,,,,,,,,,,,,,,,,,,,,,,,
32110040004597,11/06/2025,Jason,0559,32110020008800,32110020009307,49.32,2,,,,,,,,,,,,,,,,,,,,,,,,,
32110040004598,11/06/2025,Jason,3419,32110020009119,32110020009145,51.96,2,,,,,,,,,,,,,,,,,,,,,,,,,
32110040004599,11/06/2025,Jason,3450,32110020009234,32110020009274,52.34,2,,,,,,,,,,,,,,,,,,,,,,,,,
32110040004600,11/06/2025,Jason,3402,32110020008881,32110020009168,51.73,2,,,,,,,,,,,,,,,,,,,,,,,,,
32110040004601,11/06/2025,Jason,0709,32110020009201,32110020009304,50.55,2,,,,,,,,,,,,,,,,,,,,,,,,,
32110040004602,11/06/2025,Jason,3488,32110020009198,32110020009240,49.81,2,,,,,,,,,,,,,,,,,,,,,,,,,
32110040004603,11/06/2025,Jason,3453,32110020009219,32110020009325,51.25,2,,,,,,,,,,,,,,,,,,,,,,,,,
32110040004604,11/06/2025,Jason,0566,32110020009200,32110020009285,50.14,2,,,,,,,,,,,,,,,,,,,,,,,,,
32110040004605,12/06/2025,Soham,2765,32110020008842,32110020008939,50.36,2,,,,,,,,,,,,,,,,,,,,,,,,,
32110040004606,12/06/2025,Alex,2374,32110020009301,32110020009322,49.36,2,,,,,,,,,,,,,,,,,,,,,,,,,
32110040004607,12/06/2025,Alex,2773,32110020009095,32110020009215,50.4,2,,,,,,,,,,,,,,,,,,,,,,,,,
32110040004608,12/06/2025,Alex,0604,32110020009225,32110020009277,51.32,2,,,,,,,,,,,,,,,,,,,,,,,,,
32110040004609,12/06/2025,Alex,2712,32110020009167,32110020009251,50.96,2,,,,,,,,,,,,,,,,,,,,,,,,,
32110040004610,12/06/2025,Thomas,2723,32110020009094,32110020009195,50.23,2,,,,,,,,,,,,,,,,,,,,,,,,,
32110040004614,12/06/2025,Thomas,3428,32110020008936,32110020009141,50.13,2,,,,,,,,,,,,,,,,,,,,,,,,,
32110040004613,12/06/2025,T+S,2360,32110020009135,32110020009267,48.98,2,,,,,,,,,,,,,,,,,,,,,,,,,
32110040004615,12/06/2025,T+S,3468,32110020008838,32110020009262,49.2,2,,,,,,,,,,,,,,,,,,,,,,,,,
32110040004611,13/06/2025,Thomas,3460,32110020009406,32110020009464,50.45,2,,,,,,,,,,,,,,,,,,,,,,,,,
32110040004612,13/06/2025,Thomas,2556,32110020009337,32110020009427,49.56,2,,,,,,,,,,,,,,,,,,,,,,,,,
32110040004616,13/06/2025,Alex,2694,32110020009425,32110020009453,50.47,2,,,,,,,,,,,,,,,,,,,,,,,,,
32110040004617,13/06/2025,Alex,2694,32110020009412,32110020009420,50.27,2,,,,,,,,,,,,,,,,,,,,,,,,,
32110040004618,13/06/2025,Soham,3479,32110020009408,32110020009435,51.21,2,,,,,,,,,,,,,,,,,,,,,,,,,
32110040004619,13/06/2025,Soham,2377,32110020009433,32110020009458,50.87,2,,,,,,,,,,,,,,,,,,,,,,,,,
32110040004620,13/06/2025,Victoria,3454,32110020009423,32110020009443,50.76,2,,,,,,,,,,,,,,,,,,,,,,,,,
32110040004621,13/6/2025,Victoria,3475,32110020009411,32110020009419,50.57,2,,,,,,,,,,,,,,,,,,,,,,,,,
32110040004622,16/6/2025,Jason,3469,32110020009421,32110020009440,50.58,2,,,,,,,,,,,,,,,,,,,,,,,,,
32110040004623,16/6/2025,Jason,3451,32110020009428,32110020009447,49.89,2,,,,,,,,,,,,,,,,,,,,,,,,,
32110040004624,16/6/2025,Jason,3434,32110020009448,32110020009454,51.06,2,,,,,,,,,,,,,,,,,,,,,,,,,
32110040004625,16/6/2025,Jason,2371,32110020009333,32110020009456,49.93,2,,,,,,,,,,,,,,,,,,,,,,,,,
32110040004626,16/6/2025,Jason,2325,32110020009137,32110020009414,50.98,2,,,,,,,,,,,,,,,,,,,,,,,,,
32110040004627,16/6/2025,Jason,3409,32110020009210,32110020009403,50.09,2,,,,,,,,,,,,,,,,,,,,,,,,,
32110040004628,16/6/2025,Jason,3446,32110020009415,32110020009439,51.42,2,,,,,,,,,,,,,,,,,,,,,,,,,
32110040004629,16/6/2025,Jason,2372,32110020009429,32110020009432,51.23,2,,,,,,,,,,,,,,,,,,,,,,,,,
32110040004630,16/6/2025,Jason,3447,32110020009422,32110020009445,50.9,2,,,,,,,,,,,,,,,,,,,,,,,,,
32110040004631,16/6/2025,Jason,3429,32110020009338,32110020009463,49.92,2,,,,,,,,,,,,,,,,,,,,,,,,,
32110040004632,16/6/2025,Jason,3486,32110020009434,32110020009441,50.83,2,,,,,,,,,,,,,,,,,,,,,,,,bottom right dips to -17.67 during QA/QC testing,
32110040004633,16/6/2025,Jason,3457,32110020009424,32110020009449,50.42,2,,,,,,,,,,,,,,,,,,,,,,,,,
32110040004634,16/6/2025,Alex,3406,32110020009436,32110020009460,50.3,2,,,,,,,,,,,,,,,,,,,,,,,,,
32110040004635,16/6/2025,Alex,3413,32110020009431,32110020009457,50.68,2,,,,,,,,,,,,,,,,,,,,,,,,,
32110040004636,16/6/2025,Alex,3418,32110020009345,32110020009462,50.56,2,,,,,,,,,,,,,,,,,,,,,,,,,
32110040004637,16/6/2025,Alex,2367,32110020009407,32110020009410,51.82,2,,,,,,,,,,,,,,,,,,,,,,,,,
32110040004638,16/6/2025,Alex,3423,32110020009340,32110020009438,50.25,2,,,,,,,,,,,,,,,,,,,,,,,,,
32110040004639,17/6/2025,Alex,2364,32110020009437,32110020009450,50.36,2,,,,,,,,,,,,,,,,,,,,,,,,,
32110040004640,17/6/2025,Alex,3445,32110020009330,32110020009416,49.94,2,,,,,,,,,,,,,,,,,,,,,,,,,
32110040004641,17/6/2025,Alex,3489,32110020009331,32110020009459,49.95,2,,,,,,,,,,,,,,,,,,,,,,,,,
32110040004642,17/6/2025,Alex,2369,32110020009332,32110020009430,50.08,2,,,,,,,,,,,,,,,,,,,,,,,,,
32110040004643,17/6/2025,Alex,2535,32110020009336,32110020009413,49.48,2,,,,,,,,,,,,,,,,,,,,,,,,,
32110040004644,18/6/2025,Alex,3401,32110020009386,32110020009401,48.95,2,,,,,,,,,,,,,,,,,,,,,,,,,
32110040004645,18/6/2025,Alex,3467,32110020009372,32110020009384,49.54,2,,,,,,,,,,,,,,,,,,,,,,,,,
32110040004646,18/6/2025,Alex,2329,32110020009350,32110020009383,49.7,2,,,,,,,,,,,,,,,,,,,,,,,,,
32110040004647,18/6/2025,Alex,2344,32110020009359,32110020009387,50.03,2,,,,,,,,,,,,,,,,,,,,,,,,,
32110040004648,18/6/2025,Alex,3456,32110020009393,32110020009396,49.36,2,,,,,,,,,,,,,,,,,,,,,,,,,
32110040004649,18/6/2025,Jason,2370,32110020009373,32110020009397,50.18,2,,,,,,,,,,,,,,,,,,,,,,,,,
32110040004650,18/6/2025,Jason,3476,32110020009365,32110020009388,49.35,2,,,,,,,,,,,,,,,,,,,,,,,,,
32110040004651,18/6/2025,Jason,2366,32110020009358,32110020009377,49.52,2,,,,,,,,,,,,,,,,,,,,,,,,,
32110040004652,18/6/2025,Jason,2350,32110020009176,32110020009362,48.94,2,,,,,,,,,,,,,,,,,,,,,,,,,
32110040004653,18/6/2025,Jason,3424,32110020009357,32110020009380,49.71,2,,,,,,,,,,,,,,,,,,,,,,,,,
32110040004654,18/6/2025,Jason,3439,32110020009375,32110020009398,49.99,2,,,,,,,,,,,,,,,,,,,,,,,,,
32110040004655,18/6/2025,Jason,3484,32110020009366,32110020009369,48.86,2,,,,,,,,,,,,,,,,,,,,,,,,,
32110040004656,18/6/2025,Jason,3490,32110020009371,32110020009394,49.34,2,,,,,,,,,,,,,,,,,,,,,,,,,
32110040004657,18/6/2025,Jason,3416,32110020009348,32110020009389,49.05,2,,,,,,,,,,,,,,,,,,,,,,,,,
32110040004658,18/6/2025,Jason,2365,32110020009370,32110020009381,50.46,2,,,,,,,,,,,,,,,,,,,,,,,,,
32110040004659,18/6/2025,Jason,3452,32110020009351,32110020009385,49.26,2,,,,,,,,,,,,,,,,,,,,,,,,,
32110040004660,18/6/2025,Jason,3483,32110020009390,32110020009402,50.75,2,,,,,,,,,,,,,,,,,,,,,,,,,
32110040004661,20/6/2025,Alex,3438,32110020009341,32110020009400,50.42,2,,,,,,,,,,,,,,,,,,,,,,,,,
32110040004662,20/6/2025,Alex,2725,32110020009353,32110020009392,49.02,2,,,,,,,,,,,,,,,,,,,,,,,,,
32110040004663,20/6/2025,Alex,3412,32110020009376,32110020009452,50.05,2,,,,,,,,,,,,,,,,,,,,,,,,,
32110040004664,20/6/2025,Alex,3480,32110020009209,32110020009444,51.38,2,,,,,,,,,,,,,,,,,,,,,,,,,
32110040004665,20/6/2025,Alex,2343,32110020009344,32110020009360,48.6,2,,,,,,,,,,,,,,,,,,,,,,,,,
32110040004666,23/6/2025,Alex,3437,32110020009352,32110020009417,51.01,2,,,,,,,,,,,,,,,,,,,,,,,,,
32110040004667,23/6/2025,Alex,3487,32110020009346,32110020009355,49.34,2,,,,,,,,,,,,,,,,,,,,,,,,,
32110040004668,23/6/2025,Alex,2729,32110020009405,32110020009446,50.81,2,,,,,,,,,,,,,,,,,,,,,,,,,
32110040004669,23/6/2025,Alex,3411,32110020009356,32110020009418,49.68,2,,,,,,,,,,,,,,,,,,,,,,,,,
32110040004670,23/6/2025,Alex,2478,32110020009343,32110020009354,50.28,2,,,,,,,,,,,,,,,,,,,,,,,,,
32110040004671,24/6/2025,Jason,3485,32110020009361,32110020009364,49.8,2,,,,,,,,,,,,,,,,,,,,,,,,,
32110040004672,24/6/2025,Jason,3478,32110020009379,32110020009451,50.02,2,,,,,,,,,,,,,,,,,,,,,,,,,
32110040004673,24/6/2025,Jason,3422,32110020009367,32110020009409,50.43,2,,,,,,,,,,,,,,,,,,,,,,,,,
32110040004674,24/6/2025,Jason,2331,32110020009300,32110020009306,49.12,2,,,,,,,,,,,,,,,,,,,,,,,,,
32110040004675,24/6/2025,Jason,3472,32110020009342,32110020009349,51.11,2,,,,,,,,,,,,,,,,,,,,,,,,,
32110040004676,24/6/2025,Jason,3455,32110020009154,32110020009378,49.43,2,,,,,,,,,,,,,,,,,,,,,,,,,
32110040004677,24/6/2025,Jason,3449,32110020009022,32110020009334,50.69,2,,,,,,,,,,,,,,,,,,,,,,,,,
32110040004678,24/6/2025,Jason,3430,32110020009158,32110020009236,50.3,2,,,,,,,,,,,,,,,,,,,,,,,,,
32110040004679,24/6/2025,Jason,3442,32110020008806,32110020009020,50.58,2,,,,,,,,,,,,,,,,,,,,,,,,,
32110040004680,24/6/2025,Alex,3403,32110020009481,32110020009508,49.43,2,,,,,,,,,,,,,,,,,,,,,,,,,
32110040004681,24/6/2025,Alex,3425,32110020009485,32110020009498,50.37,2,,,,,,,,,,,,,,,,,,,,,,,,,
32110040004682,24/6/2025,Alex,2342,32110020009483,32110020009514,50.63,2,,,,,,,,,,,,,,,,,,,,,,,,,
32110040004683,24/6/2025,Alex,3426,32110020009520,32110020009531,51.33,2,,,,,,,,,,,,,,,,,,,,,,,,,
32110040004684,24/6/2025,Alex,3477,32110020009494,32110020009529,48.53,2,,,,,,,,,,,,,,,,,,,,,,,,,
32110040004685,25/6/2025,Alex,2359,32110020009499,32110020009512,49.83,2,,,,,,,,,,,,,,,,,,,,,,,,,
32110040004686,25/6/2025,Alex,3458,32110020009469,32110020009515,50.36,2,,,,,,,,,,,,,,,,,,,,,,,,,
32110040004687,25/6/2025,Alex,3405,32110020009475,32110020009527,50.75,2,,,,,,,,,,,,,,,,,,,,,,,,,
32110040004688,25/6/2025,Alex,3414,32110020009488,32110020009533,50.16,2,,,,,,,,,,,,,,,,,,,,,,,,,
32110040004689,25/6/2025,Alex,3433,32110020009492,32110020009517,49.86,2,,,,,,,,,,,,,,,,,,,,,,,,,
32110040004690,26/6/2025,Jason ,2726,32110020009493,32110020009503,50.37,2,,,,,,,,,,,,,,,,,,,,,,,,,
32110040004691,26/6/2025,Jason ,2695,32110020009505,32110020009507,51.67,2,,,,,,,,,,,,,,,,,,,,,,,,,
32110040004692,26/6/2025,Jason ,3441,32110020009491,32110020009523,50.47,2,,,,,,,,,,,,,,,,,,,,,,,,,
32110040004693,26/6/2025,Jason ,2749,32110020009480,32110020009490,49.52,2,,,,,,,,,,,,,,,,,,,,,,,,,
32110040004694,26/6/2025,Jason ,3448,32110020009519,32110020009528,51.26,2,,,,,,,,,,,,,,,,,,,,,,,,,
32110040004695,26/6/2025,Jason ,3408,32110020009468,32110020009482,50.31,2,,,,,,,,,,,,,,,,,,,,,,,,,
32110040004696,26/6/2025,Jason ,3431,32110020009504,32110020009510,50.49,2,,,,,,,,,,,,,,,,,,,,,,,,,
32110040004697,26/6/2025,Jason ,3481,32110020009374,32110020009486,49.87,2,,,,,,,,,,,,,,,,,,,,,,,,,
32110040004698,26/6/2025,Jason ,2337,32110020009489,32110020009500,50.19,2,,,,,,,,,,,,,,,,,,,,,,,,,
32110040004699,26/6/2025,Jason ,2373,32110020009471,32110020009502,50.11,2,,,,,,,,,,,,,,,,,,,,,,,,,
32110040004700,26/6/2025,Jason ,2771,32110020009495,32110020009513,50.49,2,,,,,,,,,,,,,,,,,,,,,,,,,
32110040004701,26/6/2025,Jason ,2687,32110020009382,32110020009506,49.23,2,,,,,,,,,,,,,,,,,,,,,,,,,
32110040004702,26/6/2025,Jason ,2335,32110020009518,32110020009521,50.66,2,,,,,,,,,,,,,,,,,,,,,,,,,
32110040004703,26/6/2025,Jason ,3420,32110020009473,32110020009530,50.99,2,,,,,,,,,,,,,,,,,,,,,,,,,
32110040004704,26/6/2025,Jason ,3427,32110020009391,32110020009487,50.01,2,,,,,,,,,,,,,,,,,,,,,,,,,
32110040004705,26/6/2025,Alex,3407,32110020009474,32110020009511,50.61,2,,,,,,,,,,,,,,,,,,,,,,,,,
32110040004706,26/6/2025,Alex,2713,32110020009479,32110020009484,49.16,2,,,,,,,,,,,,,,,,,,,,,,,,,
32110040004707,26/6/2025,Alex,2775,32110020009470,32110020009496,50.43,2,,,,,,,,,,,,,,,,,,,,,,,,,
32110040004708,26/6/2025,Alex,3459,32110020009472,32110020009509,51.28,2,,,,,,,,,,,,,,,,,,,,,,,,,
32110040004709,26/6/2025,Alex,3410,32110020009368,32110020009476,50.19,2,,,,,,,,,,,,,,,,,,,,,,,,,
32110040004710,30/6/2025,Jason,2532,32110020009477,32110020009501,50.23,2,,,,,,,,,,,,,,,,,,,,,,,,,
32110040004711,30/6/2025,Jason,2327,32110020009516,32110020009526,50.16,2,,,,,,,,,,,,,,,,,,,,,,,,,
32110040004712,30/6/2025,Alex,2328,32110020009478,32110020009497,50.86,2,,,,,,,,,,,,,,,,,,,,,,,,,
32110040004713,30/6/2025,Alex,2588,32110020009404,32110020009467,51.04,2,,,,,,,,,,,,,,,,,,,,,,,,,
32110040004714,30/6/2025,Alex,2555,32110020009461,32110020009534,51.37,2,,,,,,,,,,,,,,,,,,,,,,,,,
32110040004715,30/6/2025,Alex,2333,32110020009335,32110020009426,50.56,2,,,,,,,,,,,,,,,,,,,,,,,,,
32110040004716,30/6/2025,Alex,2338,32110020009525,32110020009532,51.5,2,,,,,,,,,,,,,,,,,,,,,,,,,
32110040004717,2/7/2025,Alex,2589,32110020009658,32110020009661,50.36,2,,,,,,,,,,,,,,,,,,,,,,,,,
32110040004718,2/7/2025,Alex,2363,32110020009603,32110020009664,51.43,2,,,,,,,,,,,,,,,,,,,,,,,,,
32110040004719,2/7/2025,Alex,2334,32110020009648,32110020009650,51.31,2,,,,,,,,,,,,,,,,,,,,,,,,,
32110040004720,2/7/2025,Alex,2361,32110020009595,32110020009694,50.46,2,,,,,,,,,,,,,,,,,,,,,,,,,
32110040004721,2/7/2025,Alex,2585,32110020009586,32110020009638,51.38,2,,,,,,,,,,,,,,,,,,,,,,,,,
32110040004722,2/7/2025,Jason,2558,32110020009541,32110020009604,51.83,2,,,,,,,,,,,,,,,,,,,,,,,,,
32110040004723,2/7/2025,Jason,2322,32110020009600,32110020009608,51.54,2,,,,,,,,,,,,,,,,,,,,,,,,,
32110040004724,2/7/2025,Jason,2368,32110020009633,32110020009681,50.66,2,,,,,,,,,,,,,,,,,,,,,,,,,
32110040004725,2/7/2025,Jason,5046,32110020009609,32110020009615,50.92,2,,,,,,,,,,,,,,,,,,,,,,,,,
32110040004726,2/7/2025,Jason,2380,32110020009552,32110020009559,50.52,2,,,,,,,,,,,,,,,,,,,,,,,,,
32110040004727,2/7/2025,Jason,2540,32110020009593,32110020009646,51.22,2,,,,,,,,,,,,,,,,,,,,,,,,,
32110040004728,2/7/2025,Jason,2379,32110020009579,32110020009617,50.46,2,,,,,,,,,,,,,,,,,,,,,,,,,
32110040004729,2/7/2025,Jason,2738,32110020009588,32110020009623,51.73,2,,,,,,,,,,,,,,,,,,,,,,,,,
32110040004730,2/7/2025,Jason,2321,32110020009570,32110020009576,50.67,2,,,,,,,,,,,,,,,,,,,,,,,,,
32110040004731,2/7/2025,Jason,2732,32110020009645,32110020009688,50.87,2,,,,,,,,,,,,,,,,,,,,,,,,,
32110040004732,2/7/2025,Jason,2559,32110020009607,32110020009637,51.15,2,,,,,,,,,,,,,,,,,,,,,,,,,
32110040004733,2/7/2025,Jason,4928,32110020009667,32110020009675,50.95,2,,,,,,,,,,,,,,,,,,,,,,,,,
32110040004734,2/7/2025,Jason,3440,32110020009596,32110020009649,51.25,2,,,,,,,,,,,,,,,,,,,,,,,,,
32110040004735,2/7/2025,Jason,4920,32110020009561,32110020009619,51.69,2,,,,,,,,,,,,,,,,,,,,,,,,,
32110040004736,2/7/2025,Jason,2362,32110020009669,32110020009677,50.11,2,,,,,,,,,,,,,,,,,,,,,,,,,
32110040004737,3/7/2025,Alex,4984,32110020009631,32110020009678,50.61,2,,,,,,,,,,,,,,,,,,,,,,,,,
32110040004738,3/7/2025,Alex,5041,32110020009616,32110020009693,50.73,2,,,,,,,,,,,,,,,,,,,,,,,,,
32110040004739,3/7/2025,Alex,5080,32110020009621,32110020009641,51.16,2,,,,,,,,,,,,,,,,,,,,,,,,,
32110040004740,3/7/2025,Alex,5034,32110020009549,32110020009654,51.53,2,,,,,,,,,,,,,,,,,,,,,,,,,
32110040004741,3/7/2025,Alex,4882,32110020009565,32110020009577,50.79,2,,,,,,,,,,,,,,,,,,,,,,,,,
32110040004742,7/7/2025,Alex,5049,32110020009606,32110020009689,50.75,2,,,,,,,,,,,,,,,,,,,,,,,,,
32110040004743,7/7/2025,Alex,5010,32110020009602,32110020009651,51.4,2,,,,,,,,,,,,,,,,,,,,,,,,,
32110040004744,7/7/2025,Alex,5020,32110020009594,32110020009652,50.26,2,,,,,,,,,,,,,,,,,,,,,,,,,
32110040004745,7/7/2025,Alex,4996,32110020009587,32110020009643,49.98,2,,,,,,,,,,,,,,,,,,,,,,,,,
32110040004746,7/7/2025,Alex,5016,32110020009544,32110020009591,51.67,2,,,,,,,,,,,,,,,,,,,,,,,,,
32110040004747,7/7/2025,Jason,4971,32110020009611,32110020009620,51.55,2,,,,,,,,,,,,,,,,,,,,,,,,,
32110040004748,7/7/2025,Jason,4965,32110020009537,32110020009685,51.23,2,,,,,,,,,,,,,,,,,,,,,,,,,
32110040004749,7/7/2025,Jason,4938,32110020009636,32110020009679,51.82,2,,,,,,,,,,,,,,,,,,,,,,,,,
32110040004750,7/7/2025,Jason,4982,32110020009630,32110020009655,50.67,2,,,,,,,,,,,,,,,,,,,,,,,,,
32110040004751,7/7/2025,Jason,4990,32110020009581,32110020009671,51.17,2,,,,,,,,,,,,,,,,,,,,,,,,,
32110040004752,7/7/2025,Jason,5013,32110020009539,32110020009582,52.37,2,,,,,,,,,,,,,,,,,,,,,,,,,
32110040004753,7/7/2025,Jason,5019,32110020009556,32110020009657,50.58,2,,,,,,,,,,,,,,,,,,,,,,,,,
32110040004754,7/7/2025,Jason,4972,32110020009629,32110020009680,51.51,2,,,,,,,,,,,,,,,,,,,,,,,,,
32110040004755,7/7/2025,Jason,4979,32110020009545,32110020009589,51.51,2,,,,,,,,,,,,,,,,,,,,,,,,,
32110040004756,7/7/2025,Jason,5047,32110020009554,32110020009708,51.42,2,,,,,,,,,,,,,,,,,,,,,,,,,
32110040004757,7/7/2025,Jason,4986,32110020009548,32110020009672,50.72,2,,,,,,,,,,,,,,,,,,,,,,,,,
32110040004758,7/7/2025,Jason,4968,32110020009585,32110020009635,50.89,2,,,,,,,,,,,,,,,,,,,,,,,,,
32110040004759,7/7/2025,Jason,4981,32110020009555,32110020009584,51.86,2,,,,,,,,,,,,,,,,,,,,,,,,,
32110040004760,7/7/2025,Jason,4987,32110020009642,32110020009684,51.05,2,,,,,,,,,,,,,,,,,,,,,,,,,
32110040004761,9/7/2025,Alex,5035,32110020009542,32110020009676,51.1,2,,,,,,,,,,,,,,,,,,,,,,,,,
32110040004762,9/7/2025,Alex,5040,32110020009562,32110020009583,49.37,2,,,,,,,,,,,,,,,,,,,,,,,,,
32110040004763,9/7/2025,Alex,4922,32110020009558,32110020009692,49.89,2,,,,,,,,,,,,,,,,,,,,,,,,,
32110040004764,9/7/2025,Alex,4913,32110020009634,32110020009686,50.97,2,,,,,,,,,,,,,,,,,,,,,,,,,
32110040004765,9/7/2025,Alex,4903,32110020009564,32110020009714,51.11,2,,,,,,,,,,,,,,,,,,,,,,,,,
32110040004766,9/7/2025,Jason,4988,32110020009540,32110020009568,52.05,2,,,,,,,,,,,,,,,,,,,,,,,,,
32110040004767,9/7/2025,Jason,4932,32110020009706,32110020009713,51.12,2,,,,,,,,,,,,,,,,,,,,,,,,,
32110040004768,9/7/2025,Jason,4857,32110020009536,32110020009697,49.94,2,,,,,,,,,,,,,,,,,,,,,,,,,
32110040004769,9/7/2025,Jason,4850,32110020009557,32110020009690,50.45,2,,,,,,,,,,,,,,,,,,,,,,,,,
32110040004770,9/7/2025,Jason,4966,32110020009656,32110020009662,50.38,2,,,,,,,,,,,,,,,,,,,,,,,,,
32110040004771,9/7/2025,Jason,4999,32110020009578,32110020009614,51.21,2,,,,,,,,,,,,,,,,,,,,,,,,,
32110040004772,9/7/2025,Jason,5031,32110020009543,32110020009572,51.89,2,,,,,,,,,,,,,,,,,,,,,,,,,
32110040004773,9/7/2025,Jason,4917,32110020009598,32110020009666,51.29,2,,,,,,,,,,,,,,,,,,,,,,,,,
32110040004774,9/7/2025,Jason,4927,32110020009625,32110020009673,50.91,2,,,,,,,,,,,,,,,,,,,,,,,,,
32110040004775,9/7/2025,Jason,4944,32110020009550,32110020009705,52.1,2,,,,,,,,,,,,,,,,,,,,,,,,,
32110040004776,9/7/2025,Jason,4946,32110020009612,32110020009660,51.23,2,,,,,,,,,,,,,,,,,,,,,,,,,
32110040004777,10/7/2025,Alex,5033,32110020009597,32110020009683,50.29,2,,,,,,,,,,,,,,,,,,,,,,,,,
32110040004778,10/7/2025,Alex,5056,32110020009644,32110020009668,50.1,2,,,,,,,,,,,,,,,,,,,,,,,,,
32110040004779,10/7/2025,Alex,4992,32110020009567,32110020009663,50.83,2,,,,,,,,,,,,,,,,,,,,,,,,,
32110040004780,10/7/2025,Alex,5029,32110020009682,32110020009717,51.4,2,,,,,,,,,,,,,,,,,,,,,,,,,
32110040004781,10/7/2025,Alex,4918,32110020009618,32110020009703,,2,,,,,,,,,,,,,,,,,,,,,,,,,
32110040004782,11/7/2025,Jason,4957,32110020009547,32110020009702,51.95,2,,,,,,,,,,,,,,,,,,,,,,,,,
32110040004783,11/7/2025,Jason,4885,32110020009574,32110020009599,50.37,2,,,,,,,,,,,,,,,,,,,,,,,,,
32110040004784,11/7/2025,Jason,4954,32110020009632,32110020009704,51.97,2,,,,,,,,,,,,,,,,,,,,,,,,,
32110040004785,11/7/2025,Jason,4933,32110020009553,32110020009665,51.39,2,,,,,,,,,,,,,,,,,,,,,,,,,
32110040004786,11/7/2025,Jason,4936,32110020009538,32110020009687,50.52,2,,,,,,,,,,,,,,,,,,,,,,,,,
32110040004787,11/7/2025,Jason,4975,32110020009563,32110020009696,52.16,2,,,,,,,,,,,,,,,,,,,,,,,,,
32110040004788,11/7/2025,Jason,4881,32110020009695,32110020009710,52.18,2,,,,,,,,,,,,,,,,,,,,,,,,,
32110040004789,11/7/2025,Jason,4877,32110020009575,32110020009716,52.06,2,,,,,,,,,,,,,,,,,,,,,,,,,
32110040004790,11/7/2025,Jason,4939,32110020009659,32110020009711,52.34,2,,,,,,,,,,,,,,,,,,,,,,,,,
32110040004791,11/7/2025,Jason,5039,32110020009551,32110020009700,51.62,2,,,,,,,,,,,,,,,,,,,,,,,,,
32110040004792,11/7/2025,Jason,4861,32110020009622,32110020009709,52.63,2,,,,,,,,,,,,,,,,,,,,,,,,,
32110040004793,11/7/2025,Jason,4868,32110020009701,32110020009715,54.05,2,,,,,,,,,,,,,,,,,,,,,,,,,
32110040004794,11/7/2025,Jason,5007,32110020009546,32110020009647,52.75,2,,,,,,,,,,,,,,,,,,,,,,,,,
32110040004795,11/7/2025,Jason,5062,32110020009613,32110020009624,50.69,2,,,,,,,,,,,,,,,,,,,,,,,,,
32110040004796,11/7/2025,Jason,4864,32110020009590,32110020009674,50.59,2,,,,,,,,,,,,,,,,,,,,,,,,,
32110040004797,11/7/2025,Jason,4879,32110020009571,32110020009707,52.29,2,,,,,,,,,,,,,,,,,,,,,,,,,
32110040004798,11/7/2025,Jason,5018,32110020009610,32110020009653,50.94,2,,,,,,,,,,,,,,,,,,,,,,,,,
32110040004799,11/7/2025,Jason,4853,32110020009566,32110020009627,50.58,2,,,,,,,,,,,,,,,,,,,,,,,,,
32110040004800,14/7/2025,Alex,4909,32110020009733,32110020009763,52.47,2,,,,,,,,,,,,,,,,,,,,,,,,,
32110040004801,14/7/2025,Alex,5107,32110020009786,32110020009788,52.82,2,,,,,,,,,,,,,,,,,,,,,,,,,
32110040004802,14/7/2025,Alex,5076,32110020009802,32110020009863,53.37,2,,,,,,,,,,,,,,,,,,,,,,,,,
32110040004803,14/7/2025,Alex,4935,32110020009792,32110020009813,53.56,2,,,,,,,,,,,,,,,,,,,,,,,,,
32110040004804,14/7/2025,Alex,5365,32110020009824,32110020009864,53.39,2,,,,,,,,,,,,,,,,,,,,,,,,,
32110040004805,15/7/2025,Alex,4670,32110020009731,32110020009893,52.9,2,,,,,,,,,,,,,,,,,,,,,,,,,
32110040004806,15/7/2025,Alex,5354,32110020009729,32110020009734,52.66,2,,,,,,,,,,,,,,,,,,,,,,,,,
32110040004807,15/7/2025,Alex,5119,32110020009732,32110020009821,54.15,2,,,,,,,,,,,,,,,,,,,,,,,,,
32110040004808,15/7/2025,Alex,5333,32110020009739,32110020009799,54.15,2,,,,,,,,,,,,,,,,,,,,,,,,,
32110040004809,15/7/2025,Alex,5097,32110020009750,32110020009820,53.22,2,,,,,,,,,,,,,,,,,,,,,,,,,
32110040004810,16/7/2025,Alex,4651,32110020009785,32110020009832,53.38,2,,,,,,,,,,,,,,,,,,,,,,,,,
32110040004811,16/7/2025,Alex,5113,32110020009826,32110020009892,52.08,2,,,,,,,,,,,,,,,,,,,,,,,,,
32110040004812,16/7/2025,Alex,5091,32110020009772,32110020009780,53.2,2,,,,,,,,,,,,,,,,,,,,,,,,,
32110040004813,16/7/2025,Alex,5436,32110020009725,32110020009779,53.72,2,,,,,,,,,,,,,,,,,,,,,,,,,
32110040004814,16/7/2025,Alex,4647,32110020009752,32110020009888,51.55,2,,,,,,,,,,,,,,,,,,,,,,,,,
32110040004815,16/7/2025,Alex,5351,32110020009794,32110020009819,53.16,2,,,,,,,,,,,,,,,,,,,,,,,,,
32110040004816,16/7/2025,Jason ,5334,32110020009768,32110020009833,53.68,2,,,,,,,,,,,,,,,,,,,,,,,,,
32110040004817,16/7/2025,Jason ,4701,32110020009754,32110020009816,53.55,2,,,,,,,,,,,,,,,,,,,,,,,,,
32110040004818,16/7/2025,Jason ,5363,32110020009767,32110020009789,53.33,2,,,,,,,,,,,,,,,,,,,,,,,,,
32110040004819,16/7/2025,Jason ,4675,32110020009764,32110020009796,53.69,2,,,,,,,,,,,,,,,,,,,,,,,,,
32110040004820,16/7/2025,Jason ,5350,32110020009735,32110020009790,53.63,2,,,,,,,,,,,,,,,,,,,,,,,,,
32110040004821,16/7/2025,Jason ,5357,32110020009747,32110020009804,53.76,2,,,,,,,,,,,,,,,,,,,,,,,,,
32110040004822,16/7/2025,Jason ,5356,32110020009809,32110020009862,54.11,2,,,,,,,,,,,,,,,,,,,,,,,,,
32110040004823,16/7/2025,Jason ,4652,32110020009791,32110020009846,52.36,2,,,,,,,,,,,,,,,,,,,,,,,,,
32110040004824,16/7/2025,Jason ,4654,32110020009766,32110020009777,53.16,2,,,,,,,,,,,,,,,,,,,,,,,,,
32110040004825,16/7/2025,Jason ,5353,32110020009719,32110020009878,52.33,2,,,,,,,,,,,,,,,,,,,,,,,,,
32110040004826,16/7/2025,Jason ,4656,32110020009774,32110020009787,52.7,2,,,,,,,,,,,,,,,,,,,,,,,,,
32110040004827,16/7/2025,Jason ,5345,32110020009770,32110020009866,52.94,2,,,,,,,,,,,,,,,,,,,,,,,,,
32110040004828,17/7/2025,Alex,5114,32110020009801,32110020009830,53.75,2,,,,,,,,,,,,,,,,,,,,,,,,,
32110040004829,17/7/2025,Alex,4643,32110020009769,32110020009800,53.81,2,,,,,,,,,,,,,,,,,,,,,,,,,
32110040004830,17/7/2025,Alex,5344,32110020009720,32110020009797,52.59,2,,,,,,,,,,,,,,,,,,,,,,,,,
32110040004831,17/7/2025,Alex,4677,32110020009818,32110020009881,53.17,2,,,,,,,,,,,,,,,,,,,,,,,,,
32110040004832,17/7/2025,Alex,5348,32110020009783,32110020009822,53.87,2,,,,,,,,,,,,,,,,,,,,,,,,,
32110040004833,22/7/2025,Alex,5342,32110020009887,32110020009891,53.09,2,,,,,,,,,,,,,,,,,,,,,,,,,
32110040004834,22/7/2025,Alex,5359,32110020009848,32110020009886,51.75,2,,,,,,,,,,,,,,,,,,,,,,,,,
32110040004835,22/7/2025,Alex,5358,32110020009758,32110020009812,52.47,2,,,,,,,,,,,,,,,,,,,,,,,,,
32110040004836,22/7/2025,Alex,5105,32110020009778,32110020009879,53.78,2,,,,,,,,,,,,,,,,,,,,,,,,,
32110040004837,22/7/2025,Alex,5341,32110020009771,32110020009885,52.24,2,,,,,,,,,,,,,,,,,,,,,,,,,
32110040004838,22/7/2025,Jason,5360,32110020009724,32110020009840,52.42,2,,,,,,,,,,,,,,,,,,,,,,,,,
32110040004839,22/7/2025,Jason ,5349,32110020009795,32110020009814,54.15,2,,,,,,,,,,,,,,,,,,,,,,,,,
32110040004840,22/7/2025,Jason,5352,32110020009831,32110020009837,52.58,2,,,,,,,,,,,,,,,,,,,,,,,,,
32110040004841,22/7/2025,Jason ,4658,32110020009757,32110020009875,51.73,2,,,,,,,,,,,,,,,,,,,,,,,,,
32110040004842,22/7/2025,Jason,4994,32110020009761,32110020009890,52.41,2,,,,,,,,,,,,,,,,,,,,,,,,,
32110040004843,22/7/2025,Jason ,5092,32110020009784,32110020009860,52.93,2,,,,,,,,,,,,,,,,,,,,,,,,,
32110040004844,22/7/2025,Jason,5042,32110020009838,32110020009857,52.06,2,,,,,,,,,,,,,,,,,,,,,,,,,
32110040004845,22/7/2025,Jason ,4661,32110020009722,32110020009854,53.17,2,,,,,,,,,,,,,,,,,,,,,,,,,
32110040004846,22/7/2025,Jason,4663,32110020009753,32110020009841,53.82,2,,,,,,,,,,,,,,,,,,,,,,,,,
32110040004847,22/7/2025,Jason ,5093,32110020009793,32110020009806,54.62,2,,,,,,,,,,,,,,,,,,,,,,,,,
32110040004848,22/7/2025,Jason,5332,32110020009811,32110020009836,53.67,2,,,,,,,,,,,,,,,,,,,,,,,,,
32110040004849,22/7/2025,Jason ,5355,32110020009762,32110020009861,53.68,2,,,,,,,,,,,,,,,,,,,,,,,,,
32110040004850,22/7/2025,Jason,5340,32110020009736,32110020009745,53.32,2,,,,,,,,,,,,,,,,,,,,,,,,,
32110040004851,22/7/2025,Jason ,5116,32110020009743,32110020009825,52.51,2,,,,,,,,,,,,,,,,,,,,,,,,,
32110040004852,22/7/2025,Jason,5099,32110020009738,32110020009856,53.05,2,,,,,,,,,,,,,,,,,,,,,,,,,
32110040004853,22/7/2025,Jason ,4669,32110020009782,32110020009852,53.59,2,,,,,,,,,,,,,,,,,,,,,,,,,
32110040004854,22/7/2025,Jason,4641,32110020009742,32110020009817,53.41,2,,,,,,,,,,,,,,,,,,,,,,,,,
32110040004855,22/7/2025,Jason ,5104,32110020009776,32110020009805,54.99,2,,,,,,,,,,,,,,,,,,,,,,,,,